scenario,counterparty,netting_set,time_years,ee,pfe_95,default_weighted_ee,default_weighted_pfe_95,mean_hazard,mean_default_probability
independent,Bank A,NS_BANK_A,0.0,60152.171072654375,60152.171072654375,60152.171072654375,60152.171072654375,0.015,0.0
independent,Bank A,NS_BANK_A,0.25,336510.5660280384,1389568.5324637743,336345.99275648454,1392166.203551502,0.015514609966436176,0.003806953290498855
independent,Bank A,NS_BANK_A,0.5,461136.1851544423,1992157.0917140457,462739.9993755996,1993534.4826138583,0.015958238166695143,0.003910564154797273
independent,Bank A,NS_BANK_A,0.75,568170.0350272151,2505304.127931611,571066.3481019449,2516330.73402814,0.016330221952712328,0.00399479547366019
independent,Bank A,NS_BANK_A,1.0,663598.3805882253,3042937.523213204,665945.1248704699,3048839.655972856,0.016585155777501373,0.0040545259949032715
independent,Bank A,NS_BANK_A,1.25,755402.5811837421,3420902.50479405,758193.0028969466,3431944.668400311,0.016814418019250557,0.004095927937178936
independent,Bank A,NS_BANK_A,1.5,852334.0527691456,3928400.2317915275,850569.1332276537,3938653.915039672,0.017057578225174234,0.004135292959726077
independent,Bank A,NS_BANK_A,1.75,933410.7893776043,4400972.647969789,933698.4449306754,4409512.305147405,0.017244814510685103,0.004168924287255086
independent,Bank A,NS_BANK_A,2.0,27620.11339255808,218875.9102245093,27913.44351554379,221739.14677326637,0.017411689665627058,0.0041928381042769655
independent,Bank A,NS_BANK_A,2.25,39283.34292680094,313470.271169087,39373.6792431927,314422.32624689175,0.01748739206732057,0.00420291930301975
independent,Bank A,NS_BANK_A,2.5,52088.92504365832,391867.13802693394,52729.70468913393,397086.7385548748,0.017606847243307612,0.004207146684726422
independent,Bank A,NS_BANK_A,2.75,69757.1073992064,492271.5298743889,69894.18796767638,494051.7832003662,0.017695076131278593,0.0042127000903703
independent,Bank A,NS_BANK_A,3.0,91348.22428414486,604062.0198966303,91039.89620064033,605213.9209847214,0.01777520991878811,0.004213355455338372
independent,Bank A,NS_BANK_A,3.25,89546.23290434468,586090.4424682029,89695.10894137649,586491.2283066224,0.017766967892986697,0.00420257286170538
independent,Bank A,NS_BANK_A,3.5,87573.9598918514,534409.2747918768,86414.89852620372,529172.9531795072,0.01779983260023846,0.004186384519652291
independent,Bank A,NS_BANK_A,3.75,81192.6364680491,495812.9260568026,80618.36103662016,492871.20525770175,0.0178002591489043,0.004171538124775892
independent,Bank A,NS_BANK_A,4.0,74078.47477380438,447643.46708300203,73482.44632701889,446539.231530161,0.017852629572305476,0.004159105508047239
independent,Bank A,NS_BANK_A,4.25,61176.57560347217,362242.6371730863,61193.22670873252,361089.0953748169,0.017922352363577268,0.004154666132966093
independent,Bank A,NS_BANK_A,4.5,47048.16220108965,265870.9220464076,46810.5385242145,264965.92146463046,0.017967602221264943,0.004149183203409868
independent,Bank A,NS_BANK_A,4.75,27237.416999277924,152971.11464102386,27328.223850662016,151772.42054294155,0.017945497798995225,0.004132962947883647
independent,Bank A,NS_BANK_A,5.0,0.0,0.0,0.0,0.0,0.017963497460550006,0.0041138984781697386
independent,Bank B,NS_BANK_B,0.0,2429409.6390643553,2429409.6390643553,2429409.6390643553,2429409.6390643553,0.024999999999999998,0.0
independent,Bank B,NS_BANK_B,0.25,2446197.908025996,4099184.729755195,2446445.4793319795,4096338.490107868,0.025985560697990285,0.006352624863816727
independent,Bank B,NS_BANK_B,0.5,2446078.8372038957,4886540.230057014,2445368.802651609,4882298.999657356,0.026789489466047905,0.006530973555885749
independent,Bank B,NS_BANK_B,0.75,2568734.9632222215,5356984.357284154,2565495.089525767,5356342.137152899,0.027501856229611973,0.006670654289752025
independent,Bank B,NS_BANK_B,1.0,2427980.007026068,5306712.8491593115,2424867.3088497873,5301870.488640165,0.028004796980843582,0.006770032413602252
independent,Bank B,NS_BANK_B,1.25,2330822.207648764,5379940.770263657,2322034.22552951,5354822.234083717,0.02843938481946015,0.006833173979438557
independent,Bank B,NS_BANK_B,1.5,2607127.730739273,5457882.113686276,2595823.352184183,5432792.722709608,0.02871662459630305,0.006867443522170976
independent,Bank B,NS_BANK_B,1.75,2473421.9857779066,5591836.498347781,2459111.795351416,5604431.508531122,0.02897170818125043,0.006879160730994765
independent,Bank B,NS_BANK_B,2.0,2358953.080759417,5657456.490130378,2349932.3273426974,5682320.571036138,0.029222653619701305,0.006886794417080273
independent,Bank B,NS_BANK_B,2.25,2212002.793539523,5646167.854090187,2206761.674116411,5654753.6659597205,0.02944447078559367,0.006890137279540778
independent,Bank B,NS_BANK_B,2.5,2095567.8789492662,5680617.083208686,2096379.1949910126,5696298.417561308,0.029639475376318926,0.006886542156338834
independent,Bank B,NS_BANK_B,2.75,2031179.8949253205,5882947.438050219,2035270.3811373108,5902432.640015433,0.029757133499901233,0.006870613409625585
independent,Bank B,NS_BANK_B,3.0,537539.5275357421,1317804.565462289,537716.3316668348,1312726.175378414,0.029820863267869906,0.0068398545691734395
independent,Bank B,NS_BANK_B,3.25,481587.1833073245,1209030.7353542193,480795.89370628784,1209991.919223109,0.02989244989549369,0.006803526965876718
independent,Bank B,NS_BANK_B,3.5,421640.5210044276,1067134.8029816693,420405.64065380197,1065359.1975776693,0.02998417545941767,0.006770176081790137
independent,Bank B,NS_BANK_B,3.75,357653.773058865,934083.6678012143,356847.3553299264,930448.6707463852,0.0299931445833244,0.006730854943404666
independent,Bank B,NS_BANK_B,4.0,297390.02587653615,795041.1308912577,296654.0157110849,792788.7139517298,0.030025947713841112,0.0066853104440152125
independent,Bank B,NS_BANK_B,4.25,229891.25142684774,625089.922281582,229358.4833676372,623293.0539555289,0.029986600544141605,0.006633897885728021
independent,Bank B,NS_BANK_B,4.5,158339.05147880942,435970.6087113839,157943.86867308815,435417.03736185655,0.029959264032925363,0.006576308480042374
independent,Bank B,NS_BANK_B,4.75,81903.26493609822,231936.6745117516,81764.27863887885,232950.68425697222,0.03003726214858468,0.006532418905230357
independent,Bank B,NS_BANK_B,5.0,0.0,0.0,0.0,0.0,0.03000889998264343,0.0064889614926248495
independent,Fund C,NS_FUND_C,0.0,0.0,0.0,0.0,0.0,0.02,0.0
independent,Fund C,NS_FUND_C,0.25,92217.81900887525,464819.17058477004,91717.1621559971,464195.31081534876,0.020573252711031075,0.005058628019724902
independent,Fund C,NS_FUND_C,0.5,142412.90662158743,665526.9418206592,142443.41279598282,665524.4531620364,0.02111103995056665,0.005169175017703512
independent,Fund C,NS_FUND_C,0.75,170800.84480274946,857980.094296205,171534.69115897652,859079.3706885816,0.02160434895715073,0.0052670572472320555
independent,Fund C,NS_FUND_C,1.0,198262.8492591065,1008498.8289968041,199589.5812443889,1009003.8778820053,0.02209942837270622,0.005357410308506295
independent,Fund C,NS_FUND_C,1.25,229427.24483315897,1177736.2018800867,229187.44941014753,1175797.8619132387,0.022359615394787806,0.005417397096116244
independent,Fund C,NS_FUND_C,1.5,263196.8941117645,1344501.197910574,264232.851120498,1346554.0320921391,0.022581209389941865,0.005443074335191521
independent,Fund C,NS_FUND_C,1.75,292869.7303828418,1506072.6282566132,294749.7428197725,1536144.5006712768,0.0228102644484471,0.005464502011126463
independent,Fund C,NS_FUND_C,2.0,143341.88452751466,804512.3718165638,144764.59604743368,805448.2387401423,0.022978372610925425,0.005478887223246505
independent,Fund C,NS_FUND_C,2.25,160414.57430000472,867597.830061485,161008.79914021635,868096.3125468309,0.023079880954108543,0.005477843659672544
independent,Fund C,NS_FUND_C,2.5,178445.74547899203,946407.4888318048,178089.39638423367,939897.7867612061,0.023235492544136503,0.005475216218278642
independent,Fund C,NS_FUND_C,2.75,193487.20039909636,1045239.5840736971,193158.8322099369,1051640.0971866066,0.023382249782295708,0.005477477358677324
independent,Fund C,NS_FUND_C,3.0,210245.24681312442,1152307.3390684824,209972.4886888735,1149992.8729348572,0.023496781701337954,0.0054747246958503516
independent,Fund C,NS_FUND_C,3.25,230561.58512427178,1240829.27877644,229645.28589850268,1237016.121101577,0.02357232558617454,0.005463675922080388
independent,Fund C,NS_FUND_C,3.5,246761.59900311637,1331880.3058772779,244564.41730154242,1323303.326345476,0.023651317545631365,0.005448454019208661
independent,Fund C,NS_FUND_C,3.75,263437.036406516,1474421.1905309889,261517.93625162996,1467123.5377782935,0.0237701499212771,0.005438206370469391
independent,Fund C,NS_FUND_C,4.0,286171.09900338476,1586894.428530865,285111.0674266661,1570175.5338695946,0.023855024242516225,0.005428580626278066
independent,Fund C,NS_FUND_C,4.25,298565.62191771314,1721923.9400041278,298000.20182916196,1725858.473673099,0.02390382890214724,0.005410725093622276
independent,Fund C,NS_FUND_C,4.5,315088.1085687162,1845712.2794872408,315011.518075761,1846760.5120059378,0.023859377298399456,0.005378604870635178
independent,Fund C,NS_FUND_C,4.75,329652.4982318342,1973392.5128042751,332490.50527450716,1971042.6860086673,0.02387825389048034,0.005343608984058593
independent,Fund C,NS_FUND_C,5.0,0.0,0.0,0.0,0.0,0.023832350555601945,0.005308271015447135
moderate,Bank A,NS_BANK_A,0.0,60152.171072654375,60152.171072654375,60152.171072654375,60152.171072654375,0.015,0.0
moderate,Bank A,NS_BANK_A,0.25,336510.5660280384,1389568.5324637743,356866.9078683062,1428473.2175839895,0.015513394664667658,0.003806802325729505
moderate,Bank A,NS_BANK_A,0.5,461136.1851544423,1992157.0917140457,520083.58091775654,2131657.3715268024,0.015928046100298205,0.00390667036063547
moderate,Bank A,NS_BANK_A,0.75,568170.0350272151,2505304.127931611,660099.1918293479,2748811.974583975,0.01627792454651484,0.00398462855991587
moderate,Bank A,NS_BANK_A,1.0,663598.3805882253,3042937.523213204,784494.4666906772,3346087.037045151,0.016546392024561214,0.004043379036213447
moderate,Bank A,NS_BANK_A,1.25,755402.5811837421,3420902.50479405,900640.0211796128,3786141.310057606,0.016779730850394536,0.0040870069234765155
moderate,Bank A,NS_BANK_A,1.5,852334.0527691456,3928400.2317915275,1016252.6696871612,4394430.1012336295,0.017058534841935574,0.004131288232525388
moderate,Bank A,NS_BANK_A,1.75,933410.7893776043,4400972.647969789,1118972.6476725074,4914721.12808372,0.01724060464806004,0.0041686400226141375
moderate,Bank A,NS_BANK_A,2.0,27620.11339255808,218875.9102245093,27822.8340207948,221955.91277243028,0.0173947886020924,0.004190407431069892
moderate,Bank A,NS_BANK_A,2.25,39283.34292680094,313470.271169087,39025.65604883479,313358.202768686,0.017497828181489313,0.004202300648154883
moderate,Bank A,NS_BANK_A,2.5,52088.92504365832,391867.13802693394,52423.10791101862,395361.2345595221,0.017632624025973865,0.004211652714312255
moderate,Bank A,NS_BANK_A,2.75,69757.1073992064,492271.5298743889,69522.48357731938,493145.02081386244,0.017724945486065933,0.004219478361261431
moderate,Bank A,NS_BANK_A,3.0,91348.22428414486,604062.0198966303,90632.66425776659,598299.633722394,0.017828880953732074,0.0042233318856381786
moderate,Bank A,NS_BANK_A,3.25,89546.23290434468,586090.4424682029,89241.48206953688,586083.2871443803,0.017828880909861386,0.004216201193114779
moderate,Bank A,NS_BANK_A,3.5,87573.9598918514,534409.2747918768,86171.26367603183,527659.5914849625,0.0178636349557612,0.004200989755932421
moderate,Bank A,NS_BANK_A,3.75,81192.6364680491,495812.9260568026,80225.74821104498,492422.23101988103,0.017844714063275383,0.004183877146024896
moderate,Bank A,NS_BANK_A,4.0,74078.47477380438,447643.46708300203,73141.41615520792,444935.8791628718,0.017882867483581952,0.004167430981797305
moderate,Bank A,NS_BANK_A,4.25,61176.57560347217,362242.6371730863,61038.15170635252,359798.8222045018,0.017977780964408382,0.004164229861502476
moderate,Bank A,NS_BANK_A,4.5,47048.16220108965,265870.9220464076,46842.74208258546,264743.42094701,0.01802607989811149,0.004161926623703495
moderate,Bank A,NS_BANK_A,4.75,27237.416999277924,152971.11464102386,27354.55941543909,152969.92949354925,0.018017752727735068,0.004147467142903218
moderate,Bank A,NS_BANK_A,5.0,0.0,0.0,0.0,0.0,0.018012213161463887,0.004127024057881486
moderate,Bank B,NS_BANK_B,0.0,2429409.6390643553,2429409.6390643553,2429409.6390643553,2429409.6390643553,0.024999999999999998,0.0
moderate,Bank B,NS_BANK_B,0.25,2446197.908025996,4099184.729755195,2498935.303756299,4155389.9497845024,0.026001420500775203,0.006354594249990042
moderate,Bank B,NS_BANK_B,0.5,2446078.8372038957,4886540.230057014,2583445.3400009666,5032792.461000142,0.026859428804461776,0.006541562334065602
moderate,Bank B,NS_BANK_B,0.75,2568734.9632222215,5356984.357284154,2746497.8966703257,5615158.780827833,0.02758848216786358,0.006689801018086908
moderate,Bank B,NS_BANK_B,1.0,2427980.007026068,5306712.8491593115,2625003.679005464,5545591.705642724,0.02807735016735088,0.006789182193154271
moderate,Bank B,NS_BANK_B,1.25,2330822.207648764,5379940.770263657,2542721.273295453,5594647.504925687,0.02848271430168975,0.006846814033747027
moderate,Bank B,NS_BANK_B,1.5,2607127.730739273,5457882.113686276,2805143.276255247,5643550.46564203,0.02867300676230043,0.006867124419580026
moderate,Bank B,NS_BANK_B,1.75,2473421.9857779066,5591836.498347781,2687672.8574351273,5851115.036811458,0.02895858270495454,0.006872349796580799
moderate,Bank B,NS_BANK_B,2.0,2358953.080759417,5657456.490130378,2586089.2826487124,5928747.803955847,0.0292048653476956,0.006883212816051278
moderate,Bank B,NS_BANK_B,2.25,2212002.793539523,5646167.854090187,2443660.421630963,5936150.840002416,0.029380428823971915,0.006880532685380504
moderate,Bank B,NS_BANK_B,2.5,2095567.8789492662,5680617.083208686,2330256.3797240327,5985760.3750231955,0.02955416744226775,0.006869048272229496
moderate,Bank B,NS_BANK_B,2.75,2031179.8949253205,5882947.438050219,2273202.3979491536,6190225.889367657,0.02971395056919243,0.006855732361892928
moderate,Bank B,NS_BANK_B,3.0,537539.5275357421,1317804.565462289,566694.6929621671,1352838.9126775065,0.02975706564382898,0.006827572465191109
moderate,Bank B,NS_BANK_B,3.25,481587.1833073245,1209030.7353542193,506539.2243736072,1239027.2977497969,0.02981787094319984,0.0067877543898855084
moderate,Bank B,NS_BANK_B,3.5,421640.5210044276,1067134.8029816693,443198.3566754621,1088984.9443647596,0.029914892908753057,0.006754176809920084
moderate,Bank B,NS_BANK_B,3.75,357653.773058865,934083.6678012143,376708.1568162155,952863.3417096208,0.029951420891725263,0.006718726439971456
moderate,Bank B,NS_BANK_B,4.0,297390.02587653615,795041.1308912577,313586.49424041976,809918.7255997123,0.030019735356309103,0.006680341666279673
moderate,Bank B,NS_BANK_B,4.25,229891.25142684774,625089.922281582,242250.0467441997,637074.7810058101,0.029934783975798608,0.006628313872506736
moderate,Bank B,NS_BANK_B,4.5,158339.05147880942,435970.6087113839,166747.56703243026,446511.15176059643,0.029933113639020927,0.006569100166222341
moderate,Bank B,NS_BANK_B,4.75,81903.26493609822,231936.6745117516,86613.53942106741,240321.84868468615,0.029980426533294417,0.006524678783408354
moderate,Bank B,NS_BANK_B,5.0,0.0,0.0,0.0,0.0,0.029984127942244726,0.006481291050408535
moderate,Fund C,NS_FUND_C,0.0,0.0,0.0,0.0,0.0,0.02,0.0
moderate,Fund C,NS_FUND_C,0.25,92217.81900887525,464819.17058477004,95067.07607296611,473712.8344937759,0.020576786632490175,0.0050590702473163164
moderate,Fund C,NS_FUND_C,0.5,142412.90662158743,665526.9418206592,152673.6706411711,690989.0546169801,0.021074622479280915,0.005165125390447125
moderate,Fund C,NS_FUND_C,0.75,170800.84480274946,857980.094296205,190102.90934177334,913829.7257575964,0.021534527319119333,0.005254053914938668
moderate,Fund C,NS_FUND_C,1.0,198262.8492591065,1008498.8289968041,225233.40276562425,1106835.5350962298,0.02202516711485327,0.0053399773547989585
moderate,Fund C,NS_FUND_C,1.25,229427.24483315897,1177736.2018800867,262299.7598755556,1288697.041373607,0.02228941704018737,0.0054002039612639306
moderate,Fund C,NS_FUND_C,1.5,263196.8941117645,1344501.197910574,304786.82892370265,1500000.3875720613,0.02258409908181461,0.005435448912361682
moderate,Fund C,NS_FUND_C,1.75,292869.7303828418,1506072.6282566132,343046.94327770296,1719021.6625489683,0.02280995564516219,0.005465294525251227
moderate,Fund C,NS_FUND_C,2.0,143341.88452751466,804512.3718165638,160598.12449332225,885185.3325481269,0.022972631008702324,0.005478625908831728
moderate,Fund C,NS_FUND_C,2.25,160414.57430000472,867597.830061485,179804.10643925567,973427.9201866227,0.02310803726335582,0.005480991402956906
moderate,Fund C,NS_FUND_C,2.5,178445.74547899203,946407.4888318048,200108.8105701026,1066977.2527322548,0.02328461115008804,0.0054848693123887475
moderate,Fund C,NS_FUND_C,2.75,193487.20039909636,1045239.5840736971,217205.20636294794,1139139.6038341657,0.02342442510979073,0.005488748403419261
moderate,Fund C,NS_FUND_C,3.0,210245.24681312442,1152307.3390684824,236615.21254048558,1247014.887844387,0.023557554752888357,0.005487321929463548
moderate,Fund C,NS_FUND_C,3.25,230561.58512427178,1240829.27877644,260175.01684861284,1359374.5059349877,0.023637615951954436,0.005478833474711455
moderate,Fund C,NS_FUND_C,3.5,246761.59900311637,1331880.3058772779,278200.48903848854,1474789.5768865158,0.023714669065702885,0.005463671564053154
moderate,Fund C,NS_FUND_C,3.75,263437.036406516,1474421.1905309889,297494.5633603448,1599684.7354884832,0.023808532221538403,0.005450185179139263
moderate,Fund C,NS_FUND_C,4.0,286171.09900338476,1586894.428530865,323718.36280657427,1760130.7247761884,0.02389001957517724,0.0054371361916398155
moderate,Fund C,NS_FUND_C,4.25,298565.62191771314,1721923.9400041278,337699.5857185594,1862188.9417465609,0.023975564238917734,0.0054229097662929025
moderate,Fund C,NS_FUND_C,4.5,315088.1085687162,1845712.2794872408,356816.5020588128,2009202.333154671,0.02394381980565308,0.005396256782762363
moderate,Fund C,NS_FUND_C,4.75,329652.4982318342,1973392.5128042751,376328.51093127485,2140865.088543527,0.023969486148844345,0.005363165573664659
moderate,Fund C,NS_FUND_C,5.0,0.0,0.0,0.0,0.0,0.02390858269704448,0.005326613043364243
severe,Bank A,NS_BANK_A,0.0,60152.171072654375,60152.171072654375,60152.171072654375,60152.171072654375,0.015,0.0
severe,Bank A,NS_BANK_A,0.25,336510.5660280384,1389568.5324637743,372278.52242614684,1459021.714555302,0.015513981219374666,0.0038068761089476025
severe,Bank A,NS_BANK_A,0.5,461136.1851544423,1992157.0917140457,563674.5327002681,2234670.558172798,0.015903940775493133,0.003903760218487667
severe,Bank A,NS_BANK_A,0.75,568170.0350272151,2505304.127931611,728976.1187545626,2873883.889585296,0.01623631284278846,0.003976539897379524
severe,Bank A,NS_BANK_A,1.0,663598.3805882253,3042937.523213204,877505.2578140995,3512568.6942800535,0.01651903551441351,0.00403493962270808
severe,Bank A,NS_BANK_A,1.25,755402.5811837421,3420902.50479405,1013014.0226928213,4024950.5606490006,0.01676173977912303,0.004081480990994561
severe,Bank A,NS_BANK_A,1.5,852334.0527691456,3928400.2317915275,1148613.988396898,4677695.644737006,0.017061140751881466,0.00412941397521299
severe,Bank A,NS_BANK_A,1.75,933410.7893776043,4400972.647969789,1267859.9594436663,5242504.851054151,0.017237278873045367,0.004168527431831804
severe,Bank A,NS_BANK_A,2.0,27620.11339255808,218875.9102245093,27690.723859530324,221739.14677326637,0.017382280083589427,0.004188436304970123
severe,Bank A,NS_BANK_A,2.25,39283.34292680094,313470.271169087,38737.60556817235,311553.9502076233,0.017510746937306202,0.004202287824342467
severe,Bank A,NS_BANK_A,2.5,52088.92504365832,391867.13802693394,52062.13798328978,393977.0693526474,0.017653641750152372,0.004215633296523298
severe,Bank A,NS_BANK_A,2.75,69757.1073992064,492271.5298743889,69154.91359924225,491228.7681733323,0.017741595357967505,0.004223877120682924
severe,Bank A,NS_BANK_A,3.0,91348.22428414486,604062.0198966303,90303.68054580319,593107.6812730064,0.017860230687197304,0.004228963482486874
severe,Bank A,NS_BANK_A,3.25,89546.23290434468,586090.4424682029,88864.93222405267,583826.4419020439,0.017875514997561227,0.004225297745357273
severe,Bank A,NS_BANK_A,3.5,87573.9598918514,534409.2747918768,86120.67202385934,526264.1983339363,0.017910036217688923,0.004211708648575037
severe,Bank A,NS_BANK_A,3.75,81192.6364680491,495812.9260568026,80006.54081333966,492193.3218925645,0.017883777720785338,0.004193578621572474
severe,Bank A,NS_BANK_A,4.0,74078.47477380438,447643.46708300203,72941.61412207095,443694.9592134261,0.01791030223126841,0.004174798681120347
severe,Bank A,NS_BANK_A,4.25,61176.57560347217,362242.6371730863,60922.84974851288,359233.3406363838,0.018014057213942176,0.004171205294044763
severe,Bank A,NS_BANK_A,4.5,47048.16220108965,265870.9220464076,46912.95973096246,264689.05853565835,0.01806010265486292,0.0041696327559617285
severe,Bank A,NS_BANK_A,4.75,27237.416999277924,152971.11464102386,27368.020145374197,153163.1473300177,0.01806379968129397,0.004156284109961831
severe,Bank A,NS_BANK_A,5.0,0.0,0.0,0.0,0.0,0.018041743300265298,0.0041352857641691445
severe,Bank B,NS_BANK_B,0.0,2429409.6390643553,2429409.6390643553,2429409.6390643553,2429409.6390643553,0.024999999999999998,0.0
severe,Bank B,NS_BANK_B,0.25,2446197.908025996,4099184.729755195,2536037.7243595063,4197531.311753931,0.02601279757451292,0.00635600564800506
severe,Bank B,NS_BANK_B,0.5,2446078.8372038957,4886540.230057014,2682563.357726578,5152975.044190102,0.026901413306493396,0.00654814795015146
severe,Bank B,NS_BANK_B,0.75,2568734.9632222215,5356984.357284154,2877670.347989285,5726888.109434075,0.027633988696340622,0.0067005055275794504
severe,Bank B,NS_BANK_B,1.0,2427980.007026068,5306712.8491593115,2769746.1848397334,5725574.847491626,0.028118397680198245,0.006799563686706463
severe,Bank B,NS_BANK_B,1.25,2330822.207648764,5379940.770263657,2705004.294095438,5768535.534650842,0.0285006841231597,0.006853664192902232
severe,Bank B,NS_BANK_B,1.5,2607127.730739273,5457882.113686276,2958364.070984154,5819470.551055196,0.028647187553312255,0.00686586436496853
severe,Bank B,NS_BANK_B,1.75,2473421.9857779066,5591836.498347781,2856188.145967444,6014481.657919758,0.028960977747027994,0.006869277002165083
severe,Bank B,NS_BANK_B,2.0,2358953.080759417,5657456.490130378,2760461.371479278,6062325.602016138,0.029196958958913683,0.006882375721263475
severe,Bank B,NS_BANK_B,2.25,2212002.793539523,5646167.854090187,2618715.1575984717,6112751.905996087,0.029323060574214823,0.006872718049944902
severe,Bank B,NS_BANK_B,2.5,2095567.8789492662,5680617.083208686,2503712.706500182,6208429.457853235,0.029459150199131187,0.006851288128921681
severe,Bank B,NS_BANK_B,2.75,2031179.8949253205,5882947.438050219,2450020.4561891626,6381827.390697313,0.029652766053896915,0.0068377901022701965
severe,Bank B,NS_BANK_B,3.0,537539.5275357421,1317804.565462289,581487.2085996515,1369267.4630298186,0.02967916081934326,0.006811576946306652
severe,Bank B,NS_BANK_B,3.25,481587.1833073245,1209030.7353542193,519694.62157009024,1253730.4406675242,0.029737141064521324,0.0067696336903713475
severe,Bank B,NS_BANK_B,3.5,421640.5210044276,1067134.8029816693,454861.3517268636,1100949.148269118,0.029832477316419817,0.006735941033275745
severe,Bank B,NS_BANK_B,3.75,357653.773058865,934083.6678012143,386839.7984926201,961615.3904664482,0.0298925651454097,0.006703259752489734
severe,Bank B,NS_BANK_B,4.0,297390.02587653615,795041.1308912577,322260.92244144663,820490.3401675969,0.029979076212436836,0.006669822940511733
severe,Bank B,NS_BANK_B,4.25,229891.25142684774,625089.922281582,248839.63761595055,643623.8163294857,0.02985994326387605,0.006616508084699948
severe,Bank B,NS_BANK_B,4.5,158339.05147880942,435970.6087113839,171205.20518992143,451988.8690396295,0.02988816881088801,0.006557368904713476
severe,Bank B,NS_BANK_B,4.75,81903.26493609822,231936.6745117516,89052.07068027987,243149.10112724165,0.029898819958062005,0.006512582365070589
severe,Bank B,NS_BANK_B,5.0,0.0,0.0,0.0,0.0,0.02994080315820606,0.006469540930563784
severe,Fund C,NS_FUND_C,0.0,0.0,0.0,0.0,0.0,0.02,0.0
severe,Fund C,NS_FUND_C,0.25,92217.81900887525,464819.17058477004,97648.83821657526,479153.21262309514,0.020590691963587034,0.005060800137222358
severe,Fund C,NS_FUND_C,0.5,142412.90662158743,665526.9418206592,160464.67339964164,721402.0737424588,0.021059316857995107,0.005164945944844627
severe,Fund C,NS_FUND_C,0.75,170800.84480274946,857980.094296205,204441.13296895687,962213.5886899935,0.02148885163788112,0.005246560970884028
severe,Fund C,NS_FUND_C,1.0,198262.8492591065,1008498.8289968041,245240.8722864712,1168903.1538206604,0.021959877673543862,0.005326468949391414
severe,Fund C,NS_FUND_C,1.25,229427.24483315897,1177736.2018800867,288692.3572871911,1369550.0347384547,0.022239631742198823,0.005386395560979067
severe,Fund C,NS_FUND_C,1.5,263196.8941117645,1344501.197910574,337072.3065604562,1603883.1077089282,0.022592270467032827,0.005430707437768807
severe,Fund C,NS_FUND_C,1.75,292869.7303828418,1506072.6282566132,381533.7591677391,1838496.6569483376,0.02281479655279592,0.005467098413973162
severe,Fund C,NS_FUND_C,2.0,143341.88452751466,804512.3718165638,172927.83757060257,947233.157622733,0.022981352448275833,0.0054804516495341625
severe,Fund C,NS_FUND_C,2.25,160414.57430000472,867597.830061485,194635.31305871357,1067326.2903356417,0.02315657654154303,0.0054879057939400495
severe,Fund C,NS_FUND_C,2.5,178445.74547899203,946407.4888318048,217631.3915934027,1163756.80833058,0.023345964306786107,0.005497828801625243
severe,Fund C,NS_FUND_C,2.75,193487.20039909636,1045239.5840736971,236313.39365494365,1220654.7729378657,0.023470484312618646,0.005501323891651988
severe,Fund C,NS_FUND_C,3.0,210245.24681312442,1152307.3390684824,257836.42112504668,1353039.829465326,0.023619277613288147,0.005499880135085323
severe,Fund C,NS_FUND_C,3.25,230561.58512427178,1240829.27877644,284715.96754925745,1453289.8823386529,0.023703784078961298,0.005493543684591374
severe,Fund C,NS_FUND_C,3.5,246761.59900311637,1331880.3058772779,305370.2123012894,1600232.8154773717,0.023773810355925178,0.005477850857105495
severe,Fund C,NS_FUND_C,3.75,263437.036406516,1474421.1905309889,326413.4791966426,1728356.273470664,0.023837299966619527,0.005460002665689706
severe,Fund C,NS_FUND_C,4.0,286171.09900338476,1586894.428530865,354520.5495141674,1888138.9145955588,0.023907384107808467,0.00544210523609389
severe,Fund C,NS_FUND_C,4.25,298565.62191771314,1721923.9400041278,369216.22869805916,2020037.9157169485,0.024012919426968864,0.005428882764978048
severe,Fund C,NS_FUND_C,4.5,315088.1085687162,1845712.2794872408,389904.8321214243,2119831.249248686,0.024002924326058113,0.005406932608137874
severe,Fund C,NS_FUND_C,4.75,329652.4982318342,1973392.5128042751,410496.1594521695,2263496.545762687,0.024033279162686137,0.005376650147258595
severe,Fund C,NS_FUND_C,5.0,0.0,0.0,0.0,0.0,0.02396943245226551,0.0053403276874397256
